phone,shop,city
918007006963,Pk,pune
919561007228,Sona
917387501420,Ashok,loni
917083223177,Alishan footwear,Karjat
919975432424,Alishan footwear,
919503058284,Yogesh gootware,Karjat
918767735199,Ashoka shoes,Karjat
917709114411,Mauli footwear,Karjat
919922355585,Devansh footware,Karjat
918363918036,Audumbur shoes,Karjat
917558384033,Rajnandani footware,Karjat
918530712545,Paithan footware,Karjat
919527990424,Om footwear,Shrigonda
919604860214,Gunjan footwear,Shrigonda
919423165916,Sagar footware,Shrigondga
919767134878,Maitri footware,Shrigondha
919096339966,Sagar footware,Shrigondha
919975553435,Tushar footware,Shrigondha
919422738575,Gurudev footware,Shrigondha
919561184343,Mahakalika footwear,Shrigonda
919130834420,Bhagyashree footware,Shrigondha
919422920305,Baba shoes,Shrigondha
919850154240,Maharashtra footware,Shrigondha
917499570433,Abhijeet footware,Shrigondha
917721052663,Tamboli footwear,Shrigonda
919764655563,Milan footwear,Shrigonda
919834791051,Devi leather house,Shrigonda
918282904545,Komal footware,Shrigondha
919422920789,Sarthak footware,Shrigondha
919698689696,Kohinoor footwear kashti,Kashti
919730095636,Komal footware,Kashti
919561150500,Shri sai siddhi footwear,Kashti
919861787171,Lucky,Kashti
918530057907,R n footwear,Kashti
919075605832,Gurucrupa footware,Kashti
919960665379,Gurudutta footwear,Kashti
919850037038,Santosh footwear,Kashti
917350505384,Deepak shoe mart,Kashti
919890403751,Aditya footwear,Kashti
918888082726,Sai footwear kashti,Kashti
918788762766,Dsp footwear,Ahilyanagar
919028755004,Fovty footwear,Ahilyanagar
919960601000,Shoe park,Ahilyanagar
919975134422,Abhinav footware,Nagar
919028862886,Sai footware,Nagar nagapur
917058217909,Supar shoes,Nagapur nagar
917666131558,VIP shoes,Nagapur nagar
919527361474,Krusha footware,Nagar vadgaon
919890285246,Jagdamba footware,Nagapur
919270313677,Panallal ji footwear,Ahilyanagar
917775845005,Bhairavnath footware,Nagar bolegaon
919765555506,Manohar footwear,Ahilyanagar
919422266172,Ramesh footwear,Ahilyanagar
919850702888,Pragati footwear,Ahilyanagar
917517676470,Aniket footware,Nagapur nagar
918378982983,Saicharan shoe palace,Ahilyanagar
919423726456,Shoe palace,Ahilyanagar
918600181819,Look shoes,Ahilyanagar
918446846925,Sharavni footware,Nagar shendi byps
919421592451,India footwear,Ahilyanagar
917014440813,Kps footwear,Ahilyanagar
919422224250,A1 traders,Ahilyanagar
919922575688,Shivam footware,Nagar
919673976475,Shiv choice footware,Nagar
919767237020,Suresh footwear,Rahuri
919270661166,Sona footwear,Rahuri
919130581551,Sai charan shoe palace,Rahuri
919657863315,Rushabh footwear,Rahuri
918883981414,Kailash footware,Rahuri
917776052177,Mayur footwear,Rahuri
918149559005,Udmale footware,Pathardi
918087163840,Adke footware,Pathardi
917517358265,Mauli footwear,Pathardi
919767010686,Lucky footware,Pathardi
919028686167,Atar shoe park,Pathardi
917709489908,Mune shoes,Pathardu
919657122676,Mune footware,Pathardi
919707919999,Bhagvat footwear,Pathardi
919175303184,Paulkhuna footwear,Pathardi
919657122002,Shaptshrungi,Pathardi
918620048620,Mune footware,Pathardi
919767853458,Saisha shoes,Pathardi
919975273900,Atar footware,Pathardi
919284942641,Sonavne shoes,Pathardi
918721955751,Sadguru footware,Pathardi
919021718787,Starone footwear,Tisgaon
919604611665,Mayur footware,Tisgaon
919421334886,Vrundavan shoes,Tisgaon
917040974196,Jaywant shoes,Tisgaon
918669123284,Garde footwear,Tisgaon
919850622275,Garade footware,Tisgaon
919404323374,Tarangana footware,Tisgaon
919762228989,Yash shoes,Tisgaon
919604777866,Lucky footware,Tisgaon
918208515176,Ambika footware,Karanji
918412844911,Sattyanhama footware,Tisgaon
919850777230,Kadir footware,
917058507230,Kadir footware,Rahuri
919850988725,Raj footware,Shevgaon
918208311703,Kohinoor footware,Shevgaon
918805122522,Sumedh footware,Shevgaon
917775072989,Star footware,Shevgaon
919970071003,Mauli footware,Shevgaon
919922192931,Shivshankar footware,Shevgaon
919130846785,Vicky footware,Shevgaon
919421351093,Ashok footwear,Chausala
919623158392,Sachin footwear,Vashi
918180931602,Sai footware,Washi
918793367821,Shrimant footwear,Vashi
919922690132,Patel shoes,Osmanabad
918999230951,Apna,Dharashiv
919922690140,Baba shoe,Usmanabad
917248969688,Paregon,Dharashiv
917796369065,New walk footwear,Osmanabad
918855087172,Sarfaraj footwear,Osmanabad
918999162413,Maharashtra footwear,Osmanabad
918087141419,Swastik shoes,Osmanabad
919405749609,New akhil shoes,Osmanabad
919579944243,Mashallah footware,Dharashiv
918459661484,Jay maharashtra footwear,Osmanabad
918855871821,Mane footwear,Osmanabad
919852450125,Ganesh footwear,Dharashiv
918668605648,Lakshmi footwear,Osmanabad
919545006972,Ok Footwear,Dharashiv
917776077751,Samruddhi footwear,Osmanabad
918999505525,Alpha footware,Dharashiv
919096228222,King shoe centure,Dharashiv
918087191711,Kakashri footwear,Tuljapur
919175006298,Yash footware,Tuljapur
919421945065,Riya footwear,Tuljapur
919850573065,Keshavraj footwear,Tuljapur
919604450169,Vishv footware,Tuljhapur
917620257878,Jalaram footwear,Tuljapur
919763647801,Shreya footwear,Tuljapur
919767029091,Suresh boot house,Tuljapur
919860518009,New maharashtra footwear,Barshi
919421360865,SH footware,Barshi
919371889090,New maharastra  footware,Bhoom
917410592871,So shoes,Bhoom
919359546313,Sunny footware,Bhoom
919503221440,Marathwada shoes,Bhoom
917972126995,Karnataka chappal mart,Barshi
919679041811,Akshan footware,Barshi
919764887321,Pravin footware,Barshi
919422647437,Sohanlal Veerchand footware,Barshi
918668672138,Datta footware,Barshi
918208913131,Friends footware,Dharashiv
919890922939,Wasim footware,Dharashiv
919922113312,Sarang footware,Barshi
919921698736,Samruddhi shoe venture,Barshi
918308110202,Lokhande shoe mart,Bhoom
919561564009,Sagar footwere,Rashin
919595641664,Ye Mai shoes,Rashin
919284858661,Maniyar footwere,Rashin
918888768080,Shoe palace,Rashin
919890542454,Alishan footwere,Rashin
918975660076,Ambika footware,Rashin
919767044613,Nayan footware,Rashin
919067064141,Dipak footware,Rashin
919595103710,Yash footwere,Rashin
919145341734,Kb footwere,Karmala
919405240824,Choice footware,Karmala
919112122737,Saber footwere,Karmala
919987651606,Galexy footware,Karmala
919767803011,Shoe palace karmala,Karmala
919130361160,New Mahesh footwere,Karmala
917775091959,Shumujum footwere,Karmala
917057451458,Sadguru footwere,Karmala
919881898944,India footware,Karmala
919422293301,Dipak footwere,Karmala
919423528687,Dipak footware,Karmala
919975306028,Sk footwere,Karmala
919822883373,Sm footware,Paranda
919403953158,Gurukrupa footware,Paranda
919637109110,Dake paithan,Paranda
917721021296,Bhairavnath footware,Paranda
919699114283,Maharashtra footwere,Paranda
918329653807,Tamboli footware,Paranda
918180862494,Tamboli footware,
919689613453,Hariom footwear,Paranda
918262824649,Hariom footwear,
919209370472,Matoshri footwear,Mada
919403551049,Shivam Footwear,Ahilyanagar
917977748071,Metro Shoes,Ahilyanagar
918668305982,Aaryan Footwear,Ahilyanagar
919028258666,Shoe Max,Ahilyanagar
919921198992,Tulsi Shoes,Ahilyanagar
918956225678,SACHIN SHOES,Ahilyanagar
919139996624,PATIL SHOES,Ahilyanagar
919206172222,Dream Shoes,Ahilyanagar
917972842112,Shivkrupa Footwear,Ahilyanagar
919403200029,MD FOOTWEAR NAGAR WALA,Ahilyanagar
919657269133,First Step Men’s Footwear,Ahilyanagar
919890807752,"Bata Shoe Store - Sarjepura City, Ahilyanagar",Ahilyanagar
919960854064,LIBERTY SHOES,Ahilyanagar
918888420242,NEW ROYAL SHOES,Ahilyanagar
918793676361,Royal Footwear,Ahilyanagar
919860389461,Ganesh Shoe Palace,Ahilyanagar
917276839159,Paool Footware,Ahilyanagar
918484941422,REDTAPE - MAHA - AHILYANAGAR (ONLINE),Ahilyanagar
919657869359,Sakhala Footwear,Ahilyanagar
917040245876,Nath krupa shoes,Ahilyanagar
918087571992,Raviraj Shoes,Ahilyanagar
919890050100,Devraj Footwear,Ahilyanagar
919822780073,New Neela Footwear,Ahilyanagar
918999741947,THE CLASSIC SHOES,Ahilyanagar
918793474737,"Bata Shoe Store - Nalegaon, Ahmednagar",Ahilyanagar
919096333373,Sadguru Krupa Shoes,Ahilyanagar
919226168140,AMRAPUR FOOTWEAR,Ahilyanagar
919696431515,Nete Footwear,Ahilyanagar
918037228695,Campus Exclusive Store,Ahilyanagar
919850855705,Goyal Shoe Mall,Ahilyanagar
917498833254,Kolhapuri Paytan,Ahilyanagar
919130350646,Mahadev foot wear,Ahilyanagar
918149521283,Vaishnavi Footwear,Ahilyanagar
919767852710,Kings Footwear,Ahilyanagar
919822277129,AS Footwear & Collection,Ahilyanagar
919890497171,Shanti Shoes,Ahilyanagar
919604531596,Vijay Footwear,Ahilyanagar
918421306211,Vasant Footwear,Ahilyanagar
919860362662,Sonagra Footwear,Ahilyanagar
919881123522,Samarth footwear & Xerox centre,Ahilyanagar
919168061611,MAHARAJ THE PERFECT MEN’S WEAR,Ahilyanagar
918956025678,सॉफ्ट शूज,Ahilyanagar
919028178148,Style Footwear,Ahilyanagar
918390836306,METRO SHOES,Ahilyanagar
919595501007,Brand 7 Collection,Ahilyanagar
919765687990,Me.Dhanshri.Footwear,Ahilyanagar
919272777755,Pranav sports & Equipments,Ahilyanagar
919890878280,Klub Fox | Manmad Road | Ahilyanagar,Ahilyanagar
918830814086,Sachin Footwear · Visited link,Ahilyanagar
918446123917,Prasad Footwear & General Store,Ahilyanagar
918208216164,KGN FOOTWEAR,Ahilyanagar
919136092496,"Zudio - BPHE Society'S Biz Bay One, Ahilyanagar",Ahilyanagar
918275199186,Ganesh Footwear,Ahilyanagar
919689588391,Om Footwear,Ahilyanagar
919922595855,Tirmal Sports World,Ahilyanagar
919503187777,Sai Shoes,Ahilyanagar
918484886424,FirstCry.com Store AhmedNagar - Ahilyanagar,Ahilyanagar
919552991171,New bharat chashmawalla,Ahilyanagar
919309106195,Asir Fothwere,Ahilyanagar
919665668666,Sonu Toys,Ahilyanagar
919226932641,Shivsagar Trading Company,Ahilyanagar
919309739928,Kohinoor,Ahilyanagar
919421560766,PHARMASPORTS,Ahilyanagar
919850440091,Apex Kids,Ahilyanagar
918062914005,"Titan World - Navi Peth, Ahmednagar",Ahilyanagar
918855888829,PRIYA HOME DECOR,Ahilyanagar
917300344141,Shriman collection,Ahilyanagar
917350138139,Sancheti Mens Wear,Ahilyanagar
918999902238,V M Sports,Ahilyanagar
919822027986,MARATHA CYCLE CENTER,Ahilyanagar
919595851818,"Van Heusen Men Clothing Store, Ahilyanagar",Ahilyanagar
918888750555,Maahi Organizers,Ahilyanagar
917083771517,Dusange Footwear,Ahilyanagar
918788608088,Sai Footwear,Ahilyanagar
919423194649,NEW SHIVKRUPA FOOT WEAR PROP SUNDRANI,Ahilyanagar
919604635352,Mahera Footwear,Ahilyanagar
919860225774,Komal Footware,Ahilyanagar
919890641873,GRBK & Rafiq Bullet Footwear,Ahilyanagar
919503613161,Ashok Balkrushna Sarode,Ahilyanagar
918626080048,Ajaj Khan,Ahilyanagar
919511963874,Dhiraj Footwear,Ahilyanagar
919767579002,Sadguru Footwear,Ahilyanagar
917710006560,Footcare Shoes & Sports Accessories,Ahilyanagar
918605806944,RKZ Plasto School Shoes,Ahilyanagar
917276633773,Lifestyle Shoe Park,Ahilyanagar
919607849579,Kishor Footwear,Ahilyanagar
917666690918,Laki fashion mall,Ahilyanagar
918669459920,S B Footwear,Ahilyanagar
919860478706,New Modern Footwear,Ahilyanagar
919923242324,Sai Footwear,Ahilyanagar
917709042611,Guruprupa Footwear,Ahilyanagar
917517329395,Vedant Telars,Ahilyanagar
919922153040,Deshmukh Footwear,Ahilyanagar
917887605262,Dewansh Footwear,Karjat
919049074298,Suyog Shoe Palace,Karjat
919922302545,PAYTHAAN FOOTWEAR,Karjat
919404475262,Yogesh Bag House,Karjat
918329884690,Rohit Holsale Footwear,Karjat
919665533690,Anmol Footware,Mirajgaon
919970396568,Sawraj Foot Where,Mirajgaon
919763434481,Classic Footwear,Kada
919922077277,Sanjay Footwear,Kada
917709262686,Shantai Footwear,Kada
918668655865,Sachin Shoes,Kada
918767025282,Mahendr footwear,Kada
919561409509,Uday Footwear,Ashti
918669730317,Asha footwear,Ashti
919421190892,Sanskar Footwear,Ashti
919850330485,Akshay Foot Wear,Shrigonda
919226137301,New Samadhan Shoe Market,Shrigonda
919850158240,Maharashtra charan seva,Shrigonda
918686759898,Shambhu Footwear,Shrigonda
917666753073,Samrajya Footwear,Shrigonda
919657932443,FASHION FOOTWAR,Shrigonda
919552458684,shri chatrapati sports shrigonda,Shrigonda
919607117367,Trending footwear kashti,Shrigonda
919145208373,धस फुटवेअर (Ganesh Dhas),Shrigonda
919011421508,Sneha Collection's,Shrigonda
919309122246,VRUNDA SHOES,Shrigonda
919689550333,Anuradha Lawns,Shrigonda
919226199287,KISHOR FOOTWEAR,Daund
917385997711,Haresh Shoes,Daund
918600009112,GR collection Daund,Daund
919309959682,Gaurav Shoes,Daund
917757814122,Sai Shoe Point,Daund
919225977730,HI CHOICE FOOTWEAR,Daund
917276933045,VAISHNAVI ENTERRISES,Daund
919075687777,Paulkhuna footwear,Pathardi
918459567582,Satpute Enterprises,Pathardi
919850027123,Bhagwat Shoe Mall,Pathardi
919623204642,Mrs. ROOPALI NITIN S,Pathardi
919881765385,Shinde Footwear,Pathardi
918080999400,गारदे शु पार्क (GARDE SHOE PARK TISGAON),Tisgaon
918080754789,Alpna Footwear & Sahara Travels,Tisgaon
918805160111,Star One Footwear,Tisgaon
919004073510,KANHAIYYA FOOTWEAR,Tisgaon
919422165090,Vrundavan Shoe Palace,Tisgaon
919503943482,Saideep Footwear,Karanji
919604608245,Sant Footwear,Karanji
918181810870,Kamble shoe palace& footwear,Ghodegaon & Sonai
917030606068,Krushna Shoes Sonai,Ghodegaon & Sonai
917972702937,Shree Samarth Shoe Palace Sonai,Ghodegaon & Sonai
919860225354,Ashok Footwear,Ghodegaon & Sonai
918975147134,Aaradhya Footwear,Ghodegaon & Sonai
919881177366,SAI SAYA FOOTWEAR,Ghodegaon & Sonai
919922078173,Prerna Footwear,Ghodegaon & Sonai
917709090121,Pankaj Boot House,Ghodegaon & Sonai
919552043846,BABASAHEB SAKHAHARI TELORE,Ghodegaon & Sonai
919860274969,साई समर्थ फुटवियर,Ghodegaon & Sonai
918530575645,Arya Kirana Store,Ghodegaon & Sonai
917770066800,New Tarte Foot wear,Shevgaon
919822476408,Yashraj Footwear,Shevgaon
919922436011,JANTA FOOT WEAR,Shevgaon
918767649217,SIMA UDHAV GUJAR,Shevgaon
919193629694,MUBARIK FOOTWEAR,Shevgaon
919527409320,Vedant Shoe Palace,Rahuri
919156992222,"WAGH SHOE PALACE, RAHURI",Rahuri
919890295115,NEW SAICHARAN SHOO PALACE Prop Suresh Thokale,Rahuri
919309004510,Nazrana Shoes Center,Rahuri
919922202651,Sakshi Shoe Palace,Rahuri
917796071061,रुदबा The Perfect Footwear,Rahuri
919527115363,R K Footwear,Rahuri
918793166432,Hashu clothing,Rahuri
919028038187,Laxmi Shoe Palace,Rahuri
919767552877,Namrata footwear,Rahuri
919604157514,Om Sai Shoes Wear,Rahuri
919890758180,PRASAD FOOTWEAR,Rahuri
919730687701,शिवम् फुट वेअर,Rahuri Factory
918975782603,Miyasaheb Caution And Footwear,Rahuri Factory
919890630190,Shriram Footwear,Rahuri Factory
919325441941,Trimurti Shoes,Rahuri Factory
919766834738,Ajay Foot Wear,Rahuri Factory
919503252627,SUMAN FOOT WEAR,Kolhar
919767787045,Satinath Footwear,Kolhar
919822831824,Rajbhoj Footwear,Kolhar
919881034646,Tandale Footwear · Visited link,Patoda
919403484517,Swagat Footwear,Patoda
918879884141,Sonawane Footwear · Visited link,Patoda
919766142725,Laxmi Footwear,Patoda
919860372122,Maharashtra Footwear,Patoda
917057662872,Anuja Footwear,Patoda
919890785286,Sonal Shoe Palace,Patoda
919822844255,BHAGYALAXMI CELLULAR,Patoda
919881333477,Rahul Footwear Patoda,Patoda
917620595027,"Vrunda Shoes, Jamkhed",Jamkhed
919921676596,रामदेवजी शु मार्ट,Jamkhed
917887302601,KOHINOOR FOOTWEAR,Jamkhed
917709904653,P M FOOT WEAR,Jamkhed
919370794431,ROYAL FOOTWEAR,Jamkhed
919623093898,SHRINATH FOOTWEAR,Jamkhed
919326524045,Sai shoe mart,Kharda
919763359280,ASHWINI FOOTWEAR,Kharda
919067890315,BAGWAN FOOTWEAR,Kharda
919028360000,"SHOE N SHOE, Exclusive Footwear Shoppe",Beed City
917558311971,ZOMAX SHOE,Beed City
918308444666,Sony Shoes,Beed City
919272757578,R K Style Shoes,Beed City
919921748589,GoodLuck shoes centre,Beed City
919881346564,Muley Shoes,Beed City
918329866465,ANAS SHOES PARK,Beed City
919325711559,Good choice Foot Wear,Beed City
919850642793,"Shree Goodluck Foot Wear ,Thakre Nagar",Beed City
919765016728,SPEED SHOES CENTER,Beed City
918553545555,Anand Boot House,Beed City
919595173471,NEW SHOE MOLL,Beed City
918788885864,Shahed Footweare,Beed City
918308082250,Rajgire Footwear,Beed City
918380955782,Tuljai Shooes Center,Beed City
918830795123,Liberty Shoes Point,Beed City
919527281011,Avinash Shoes,Beed City
919922196519,Metro Shoes,Beed City
918600788416,ANKUSH BOOT HOUSE,Beed City
919763767135,Om Sai Shoes,Beed City
919822049218,METRO SHOES GALLERY,Beed City
919270764168,More shoes center,Beed City
918975959614,Tofik footwear,Beed City
918830937593,Safar Shoes,Beed City
919860018138,Tejas Footwear And Lethar Wark,Beed City
919768497233,Rajguru Brother's Cobbler Craft's Specialists in Leather Goods,Beed City
919595927775,New Pappu Footwear,Beed City
919730457579,ANMOL SHOES,Beed City
917821837343,"Shirsat Sports,Beed",Beed City
918530908020,PATHAN FOOT WERE,Beed City
918605308229,Public Choice Footwear Beed,Beed City
919423172182,Sohel Foot Wear,Beed City
919881417475,Prince Foot Wear,Beed City
917350703803,Parshwanath Nx,Beed City
919420111457,Kapil Kushan Works,Beed City
917020322522,Baba Kushan Work,Beed City
919422703814,Vijay Sports And Fitness Shop,Beed City
917020911794,Ananya Kids Mall,Beed City
919028002898,New Libas Collection,Beed City
917721823981,Habib Hamed,Beed City
917736408778,INARA Footwear,Beed City
919096913631,MAULI FOOT WEAR,Beed City
919420030770,Vijay Shoes,Beed City
919970135959,New Star Footwear,Beed City
919922357872,पैराडाइज एन.एक्स,Beed City
919850454636,MODERN SHOE PARK,Beed City
918624943501,Metro Shoes,Baramati
919130070799,K.D.S FOOTWEAR,Baramati
918355843346,Mochi Shoes,Baramati
918071178357,Campus Exclusive Store,Baramati
919881144607,Amruta Shoe Gallery,Baramati
919403980165,Hotel Vaishali,Baramati
919146158160,Shrungar Footwear,Baramati
919420480418,Kiran Footwears,Baramati
918888388939,"Galaxy footware ,kale prestige mall , bus stand baramati",Baramati
917020896530,Shoe king,Baramati
919665163292,M K SHOES,Baramati
919673418086,Nihansh Footwear,Baramati
917756997171,Shubham Agency shoes,Baramati
919930353510,S K Shoe,Baramati
919518911900,Kelgndre Footware,Baramati
917276798086,Tathansh footwear,Baramati
918007156663,SURAJ FOOTWEAR,Baramati
918668676492,"Bata Shoe Store - Samarth Nagar, Baramati",Baramati
919022424329,MORYA FOOTWEAR,Baramati
918830969099,Santosh Shoe Mart,Baramati
919028847795,Samarth Footwear,Baramati
918788208829,Omkar footwear,Baramati
919960247603,Ganesh Footwear,Baramati
919860687819,Payal Bag & Shoe House,Baramati
919881345838,New Pankaj Shoe Park,Baramati
917942812011,PUMA Store,Baramati
919665049624,Shubham,Baramati
919860554023,Bagwan Enterprise,Baramati
919975649463,Shoe Palace,Baramati
919960726262,RS accessories & enterprises,Baramati
917857010101,Janta Shoes,Baramati
919850899087,Cricfit Sports Shop,Baramati
918527615557,REDTAPE - MAHA - BARAMATI (ONLINE),Baramati
919730090079,Manashree Sports Wear,Baramati
919881189943,Sonu Collection,Baramati
919404684605,Shubham Sports,Baramati
917620838231,SHAMBHU HENGADE,Baramati
919657199200,Sanjay Footwaer,Baramati
917709899601,Wageshwari Shoe Mart,Baramati
919175935700,vagheshvari Shoe Mart,Baramati
919763476586,NEW JANTA FOOTWEAR,Dharashiv
917888261658,Maharashtra foot wear,Dharashiv
917620830494,Solemates footwear,Dharashiv
918087582780,Relaxo Footwear,Dharashiv
919421357324,KRISHNA FOOTWEAR,Dharashiv
918888003764,"Khadims, Tirupati Traders",Dharashiv
918046984380,Red Chief Exclusive Store - Galib Nagar,Dharashiv
919423339137,ALFA FOOT WEAR,Dharashiv
919730192384,Lady Look collection/ footwear and bags hause,Dharashiv
917020108643,Sk sportswala,Dharashiv
919881962315,Gouri Footwear,Dharashiv
919205544072,REDTAPE - MAHA - DHARASHIV OSMANABAD (FACTORY SHOP),Dharashiv
918788049232,Balaji Foot Wear,Dharashiv
919518541279,Akmal Paragon Agencies,Dharashiv
917071714040,Bata Shoe Store,Dharashiv
918087619180,Patel Traders & Ladies footwear पटेल ट्रेडर्स & लेडीज फूटवेअर,Dharashiv
918087987197,Modella brand sports zone,Dharashiv
918605120714,PUDHARI FOOT WEAR,Dharashiv
919511681323,LUCKY FOOTWEAR,Dharashiv
919022563825,Siddheshwar footwear,Dharashiv
